{"name":"4dbd12f7-ca2d-4d82-b4de-c233fca37f88","id":"/providers/Microsoft.Flow/flows/4dbd12f7-ca2d-4d82-b4de-c233fca37f88","type":"Microsoft.Flow/flows","properties":{"apiId":"/providers/Microsoft.PowerApps/apis/shared_logicflows","displayName":"Button -> Post adaptive card in a chat or channel","definition":{"metadata":{"workflowEntityId":null,"flowclientsuspensionreason":"None","flowclientsuspensiontime":null,"creator":{"id":"4695256e-24ca-4704-81b6-eb32024cdb46","type":"User","tenantId":"7ef41b2d-b0df-48c8-8b0c-c6497fdf26ac"},"provisioningMethod":"FromDefinition","failureAlertSubscription":false,"clientLastModifiedTime":"2021-02-07T07:18:42.576403Z"},"$schema":"https://schema.management.azure.com/providers/Microsoft.Logic/schemas/2016-06-01/workflowdefinition.json#","contentVersion":"1.0.0.0","parameters":{"$connections":{"defaultValue":{},"type":"Object"},"$authentication":{"defaultValue":{},"type":"SecureObject"}},"triggers":{"manual":{"type":"Request","kind":"Http","inputs":{"schema":{"type":"object","properties":{"Teamid":{"type":"string"},"EvaluationMomentId":{"type":"string"},"DefEvalTableid":{"type":"string"},"Level1":{"type":"string"},"Level2":{"type":"string"},"Stage":{"type":"string"},"Email":{"type":"string"}}}}}},"actions":{"HTTP":{"runAfter":{"a1":["Succeeded"]},"type":"Http","inputs":{"method":"POST","uri":"https://hub.sdworx.com/apps/LMAHeatmap/rest/HRGetConnected/SaveResponse","body":{"Question":"How motivated do you feel today?","Score":"@outputs('PostCard')?['body/data/a1']","TeamId":"@triggerBody()?['Teamid']","EvalDateId":"@triggerBody()?['EvaluationMomentId']","DefCriteriumid":1,"Level1":"@triggerBody()?['Level1']","Level2":"@triggerBody()?['Level2']","Stage":"@triggerBody()?['Stage']","DefEvalTableid":"@triggerBody()?['DefEvalTableid']","RspFromUser":"@triggerBody()?['Email']","Data":"@variables('vStrData')"}}},"card":{"runAfter":{"v2":["Succeeded"]},"type":"Http","inputs":{"method":"GET","uri":"https://hub.sdworx.com/apps/LMAHeatmap/rest/HRGetConnected/GetQuestionsForTeam?Teamid=@{triggerBody()?['Teamid']}&EvaluationMomentId=@{triggerBody()?['EvaluationMomentId']}&DefEvalTableid=@{triggerBody()?['DefEvalTableid']}&Level1=@{triggerBody()?['Level1']}&Level2=@{triggerBody()?['Level2']}&Stage=@{triggerBody()?['Stage']}"}},"QIds":{"runAfter":{"card":["Succeeded"]},"type":"Http","inputs":{"method":"GET","uri":"https://hub.sdworx.com/apps/LMAHeatmap/rest/HRGetConnected/GetQuestionsIDlistForTeam?Teamid=@{triggerBody()?['Teamid']}&EvaluationMomentId=@{triggerBody()?['EvaluationMomentId']}&DefEvalTableid=@{triggerBody()?['DefEvalTableid']}&Level1=@{triggerBody()?['Level1']}&Level2=@{triggerBody()?['Level2']}&Stage=@{triggerBody()?['Stage']}"}},"PostCard":{"runAfter":{"QIds":["Succeeded"]},"type":"OpenApiConnectionWebhook","inputs":{"host":{"apiId":"/providers/Microsoft.PowerApps/apis/shared_teams","connectionName":"shared_teams","operationId":"SubscribeUserFlowContinuation"},"parameters":{"UserFlowContinuationSubscriptionRequest/body/recipient/to":"@{triggerBody()?['email']};","UserFlowContinuationSubscriptionRequest/body/messageBody":"@body('card')","UserFlowContinuationSubscriptionRequest/body/updateMessage":"Thank you for responding","UserFlowContinuationSubscriptionRequest/body/shouldUpdateCard":true},"authentication":"@parameters('$authentication')"}},"Initialize_variable":{"runAfter":{},"type":"InitializeVariable","inputs":{"variables":[{"name":"vStrData","type":"string","value":"\"\""}]}},"a1":{"runAfter":{"PostCard":["Succeeded"]},"type":"AppendToStringVariable","inputs":{"name":"vStrData","value":"@string(body('PostCard')?['data'])"}},"v2":{"runAfter":{"Initialize_variable":["Succeeded"]},"type":"InitializeVariable","inputs":{"variables":[{"name":"vStrData2","type":"string","value":"\"\""}]}}}},"connectionReferences":{"shared_teams":{"connectionName":"shared-teams-464ef5f5-69c2-443c-81ca-ce9c-ae017fa5","source":"Embedded","id":"/providers/Microsoft.PowerApps/apis/shared_teams","tier":"NotSpecified"}},"flowFailureAlertSubscribed":false}}